{
  "en-AU": {
    "accuracy": 0.7057220708446866,
    "precision": 0.5,
    "recall": 0.8703703703703703,
    "f1_score": 0.6351351351351351,
    "confusion_matrix": [
      [
        165,
        94
      ],
      [
        14,
        94
      ]
    ],
    "report": {
      "0": {
        "precision": 0.9217877094972067,
        "recall": 0.637065637065637,
        "f1-score": 0.7534246575342466,
        "support": 259.0
      },
      "1": {
        "precision": 0.5,
        "recall": 0.8703703703703703,
        "f1-score": 0.6351351351351351,
        "support": 108.0
      },
      "accuracy": 0.7057220708446866,
      "macro avg": {
        "precision": 0.7108938547486033,
        "recall": 0.7537180037180037,
        "f1-score": 0.6942798963346908,
        "support": 367.0
      },
      "weighted avg": {
        "precision": 0.7976648958032059,
        "recall": 0.7057220708446866,
        "f1-score": 0.718614661841865,
        "support": 367.0
      }
    },
    "support": 367
  },
  "en-IN": {
    "accuracy": 0.5089686098654709,
    "precision": 0.11570247933884298,
    "recall": 0.8484848484848485,
    "f1_score": 0.20363636363636364,
    "confusion_matrix": [
      [
        199,
        214
      ],
      [
        5,
        28
      ]
    ],
    "report": {
      "0": {
        "precision": 0.9754901960784313,
        "recall": 0.48184019370460046,
        "f1-score": 0.6450567260940032,
        "support": 413.0
      },
      "1": {
        "precision": 0.11570247933884298,
        "recall": 0.8484848484848485,
        "f1-score": 0.20363636363636364,
        "support": 33.0
      },
      "accuracy": 0.5089686098654709,
      "macro avg": {
        "precision": 0.5455963377086371,
        "recall": 0.6651625210947245,
        "f1-score": 0.4243465448651834,
        "support": 446.0
      },
      "weighted avg": {
        "precision": 0.9118736161403004,
        "recall": 0.5089686098654709,
        "f1-score": 0.6123955781991556,
        "support": 446.0
      }
    },
    "support": 446
  },
  "en-UK": {
    "accuracy": 0.5793650793650794,
    "precision": 0.14673913043478262,
    "recall": 0.9310344827586207,
    "f1_score": 0.2535211267605634,
    "confusion_matrix": [
      [
        192,
        157
      ],
      [
        2,
        27
      ]
    ],
    "report": {
      "0": {
        "precision": 0.9896907216494846,
        "recall": 0.5501432664756447,
        "f1-score": 0.7071823204419889,
        "support": 349.0
      },
      "1": {
        "precision": 0.14673913043478262,
        "recall": 0.9310344827586207,
        "f1-score": 0.2535211267605634,
        "support": 29.0
      },
      "accuracy": 0.5793650793650794,
      "macro avg": {
        "precision": 0.5682149260421336,
        "recall": 0.7405888746171327,
        "f1-score": 0.48035172360127615,
        "support": 378.0
      },
      "weighted avg": {
        "precision": 0.925019832376399,
        "recall": 0.5793650793650794,
        "f1-score": 0.672377625688652,
        "support": 378.0
      }
    },
    "support": 378
  }
}