{
  "accuracy": 0.5919395465994962,
  "precision": 0.24267100977198697,
  "recall": 0.8764705882352941,
  "f1_score": 0.38010204081632654,
  "confusion_matrix": [
    [
      556,
      465
    ],
    [
      21,
      149
    ]
  ],
  "report": {
    "0": {
      "precision": 0.9636048526863085,
      "recall": 0.544564152791381,
      "f1-score": 0.6958698372966208,
      "support": 1021.0
    },
    "1": {
      "precision": 0.24267100977198697,
      "recall": 0.8764705882352941,
      "f1-score": 0.38010204081632654,
      "support": 170.0
    },
    "accuracy": 0.5919395465994962,
    "macro avg": {
      "precision": 0.6031379312291477,
      "recall": 0.7105173705133376,
      "f1-score": 0.5379859390564736,
      "support": 1191.0
    },
    "weighted avg": {
      "precision": 0.8607007777111324,
      "recall": 0.5919395465994962,
      "f1-score": 0.650798027555521,
      "support": 1191.0
    }
  },
  "support": 1191
}