{
  "en-AU": {
    "accuracy": 0.9223300970873787,
    "precision": 0.903448275862069,
    "recall": 0.9290780141843972,
    "f1_score": 0.916083916083916,
    "confusion_matrix": [
      [
        154,
        14
      ],
      [
        10,
        131
      ]
    ],
    "report": {
      "0": {
        "precision": 0.9390243902439024,
        "recall": 0.9166666666666666,
        "f1-score": 0.927710843373494,
        "support": 168.0
      },
      "1": {
        "precision": 0.903448275862069,
        "recall": 0.9290780141843972,
        "f1-score": 0.916083916083916,
        "support": 141.0
      },
      "accuracy": 0.9223300970873787,
      "macro avg": {
        "precision": 0.9212363330529857,
        "recall": 0.9228723404255319,
        "f1-score": 0.921897379728705,
        "support": 309.0
      },
      "weighted avg": {
        "precision": 0.9227906293123861,
        "recall": 0.9223300970873787,
        "f1-score": 0.9224053522801914,
        "support": 309.0
      }
    },
    "support": 309
  },
  "en-IN": {
    "accuracy": 0.8812664907651715,
    "precision": 0.8592233009708737,
    "recall": 0.917098445595855,
    "f1_score": 0.8872180451127819,
    "confusion_matrix": [
      [
        157,
        29
      ],
      [
        16,
        177
      ]
    ],
    "report": {
      "0": {
        "precision": 0.9075144508670521,
        "recall": 0.8440860215053764,
        "f1-score": 0.8746518105849582,
        "support": 186.0
      },
      "1": {
        "precision": 0.8592233009708737,
        "recall": 0.917098445595855,
        "f1-score": 0.8872180451127819,
        "support": 193.0
      },
      "accuracy": 0.8812664907651715,
      "macro avg": {
        "precision": 0.8833688759189628,
        "recall": 0.8805922335506157,
        "f1-score": 0.8809349278488701,
        "support": 379.0
      },
      "weighted avg": {
        "precision": 0.8829229154317949,
        "recall": 0.8812664907651715,
        "f1-score": 0.8810509748695756,
        "support": 379.0
      }
    },
    "support": 379
  },
  "en-UK": {
    "accuracy": 0.9519774011299436,
    "precision": 0.9513513513513514,
    "recall": 0.9565217391304348,
    "f1_score": 0.9539295392953929,
    "confusion_matrix": [
      [
        161,
        9
      ],
      [
        8,
        176
      ]
    ],
    "report": {
      "0": {
        "precision": 0.9526627218934911,
        "recall": 0.9470588235294117,
        "f1-score": 0.9498525073746312,
        "support": 170.0
      },
      "1": {
        "precision": 0.9513513513513514,
        "recall": 0.9565217391304348,
        "f1-score": 0.9539295392953929,
        "support": 184.0
      },
      "accuracy": 0.9519774011299436,
      "macro avg": {
        "precision": 0.9520070366224213,
        "recall": 0.9517902813299233,
        "f1-score": 0.9518910233350121,
        "support": 354.0
      },
      "weighted avg": {
        "precision": 0.9519811055665032,
        "recall": 0.9519774011299436,
        "f1-score": 0.9519716426102813,
        "support": 354.0
      }
    },
    "support": 354
  }
}