{
  "accuracy": 0.9174664107485605,
  "precision": 0.9029850746268657,
  "recall": 0.9343629343629344,
  "f1_score": 0.9184060721062619,
  "confusion_matrix": [
    [
      472,
      52
    ],
    [
      34,
      484
    ]
  ],
  "report": {
    "0": {
      "precision": 0.932806324110672,
      "recall": 0.9007633587786259,
      "f1-score": 0.916504854368932,
      "support": 524.0
    },
    "1": {
      "precision": 0.9029850746268657,
      "recall": 0.9343629343629344,
      "f1-score": 0.9184060721062619,
      "support": 518.0
    },
    "accuracy": 0.9174664107485605,
    "macro avg": {
      "precision": 0.9178956993687688,
      "recall": 0.9175631465707801,
      "f1-score": 0.917455463237597,
      "support": 1042.0
    },
    "weighted avg": {
      "precision": 0.9179815570928105,
      "recall": 0.9174664107485605,
      "f1-score": 0.9174499894821152,
      "support": 1042.0
    }
  },
  "support": 1042
}