{
  "en-AU": {
    "accuracy": 0.6145552560646901,
    "precision": 0.423963133640553,
    "recall": 0.8363636363636363,
    "f1_score": 0.5626911314984709,
    "confusion_matrix": [
      [
        136,
        125
      ],
      [
        18,
        92
      ]
    ],
    "report": {
      "0": {
        "precision": 0.8831168831168831,
        "recall": 0.5210727969348659,
        "f1-score": 0.655421686746988,
        "support": 261.0
      },
      "1": {
        "precision": 0.423963133640553,
        "recall": 0.8363636363636363,
        "f1-score": 0.5626911314984709,
        "support": 110.0
      },
      "accuracy": 0.6145552560646901,
      "macro avg": {
        "precision": 0.6535400083787181,
        "recall": 0.6787182166492511,
        "f1-score": 0.6090564091227295,
        "support": 371.0
      },
      "weighted avg": {
        "precision": 0.7469796528139281,
        "recall": 0.6145552560646901,
        "f1-score": 0.6279274520371851,
        "support": 371.0
      }
    },
    "support": 371
  },
  "en-IN": {
    "accuracy": 0.4175824175824176,
    "precision": 0.1,
    "recall": 0.8787878787878788,
    "f1_score": 0.17956656346749225,
    "confusion_matrix": [
      [
        161,
        261
      ],
      [
        4,
        29
      ]
    ],
    "report": {
      "0": {
        "precision": 0.9757575757575757,
        "recall": 0.3815165876777251,
        "f1-score": 0.5485519591141397,
        "support": 422.0
      },
      "1": {
        "precision": 0.1,
        "recall": 0.8787878787878788,
        "f1-score": 0.17956656346749225,
        "support": 33.0
      },
      "accuracy": 0.4175824175824176,
      "macro avg": {
        "precision": 0.5378787878787878,
        "recall": 0.630152233232802,
        "f1-score": 0.36405926129081595,
        "support": 455.0
      },
      "weighted avg": {
        "precision": 0.9122410922410922,
        "recall": 0.4175824175824176,
        "f1-score": 0.521790380968339,
        "support": 455.0
      }
    },
    "support": 455
  },
  "en-UK": {
    "accuracy": 0.46272493573264784,
    "precision": 0.12605042016806722,
    "recall": 0.967741935483871,
    "f1_score": 0.22304832713754646,
    "confusion_matrix": [
      [
        150,
        208
      ],
      [
        1,
        30
      ]
    ],
    "report": {
      "0": {
        "precision": 0.9933774834437086,
        "recall": 0.41899441340782123,
        "f1-score": 0.5893909626719057,
        "support": 358.0
      },
      "1": {
        "precision": 0.12605042016806722,
        "recall": 0.967741935483871,
        "f1-score": 0.22304832713754646,
        "support": 31.0
      },
      "accuracy": 0.46272493573264784,
      "macro avg": {
        "precision": 0.5597139518058879,
        "recall": 0.6933681744458461,
        "f1-score": 0.40621964490472606,
        "support": 389.0
      },
      "weighted avg": {
        "precision": 0.9242588742880663,
        "recall": 0.46272493573264784,
        "f1-score": 0.5601965624108128,
        "support": 389.0
      }
    },
    "support": 389
  }
}