{
  "accuracy": 0.49218106995884775,
  "precision": 0.20268456375838925,
  "recall": 0.867816091954023,
  "f1_score": 0.32861806311207836,
  "confusion_matrix": [
    [
      447,
      594
    ],
    [
      23,
      151
    ]
  ],
  "report": {
    "0": {
      "precision": 0.951063829787234,
      "recall": 0.42939481268011526,
      "f1-score": 0.5916611515552614,
      "support": 1041.0
    },
    "1": {
      "precision": 0.20268456375838925,
      "recall": 0.867816091954023,
      "f1-score": 0.32861806311207836,
      "support": 174.0
    },
    "accuracy": 0.49218106995884775,
    "macro avg": {
      "precision": 0.5768741967728116,
      "recall": 0.6486054523170691,
      "f1-score": 0.4601396073336699,
      "support": 1215.0
    },
    "weighted avg": {
      "precision": 0.843888527491745,
      "recall": 0.49218106995884775,
      "f1-score": 0.5539907833337685,
      "support": 1215.0
    }
  },
  "support": 1215
}