{
  "eval_accuracy": 0.8700657894736842,
  "eval_f1_macro": 0.6907047876621913,
  "eval_loss": 0.3124076724052429,
  "samples": 1216
}