{
  "en-AU": {
    "samples": 371,
    "accuracy": 0.77088948787062,
    "f1_macro": 0.6917309403012797
  },
  "en-IN": {
    "samples": 455,
    "accuracy": 0.9274725274725275,
    "f1_macro": 0.5972479278989298
  },
  "en-UK": {
    "samples": 390,
    "accuracy": 0.8974358974358975,
    "f1_macro": 0.6595670391061452
  }
}