{
  "en-AU": {
    "samples": 371,
    "accuracy": 0.7628032345013477,
    "f1_macro": 0.6865350641370305
  },
  "en-IN": {
    "samples": 455,
    "accuracy": 0.9252747252747253,
    "f1_macro": 0.6532634032634033
  },
  "en-UK": {
    "samples": 390,
    "accuracy": 0.9179487179487179,
    "f1_macro": 0.7422339722405816
  }
}