{
  "eval_accuracy": 0.8733552631578947,
  "eval_f1_macro": 0.7137476459510358,
  "eval_loss": 0.3517022132873535,
  "samples": 1216
}