{
  "en-AU": {
    "samples": 371,
    "accuracy": 0.9272237196765498,
    "f1_macro": 0.9265319593677802
  },
  "en-IN": {
    "samples": 455,
    "accuracy": 0.8505494505494505,
    "f1_macro": 0.8505429532016848
  },
  "en-UK": {
    "samples": 386,
    "accuracy": 0.9378238341968912,
    "f1_macro": 0.9376883340507964
  }
}