{
  "eval_accuracy": 0.9018151815181518,
  "eval_f1_macro": 0.9018001401221064,
  "eval_loss": 0.31959816813468933,
  "samples": 1212
}