{
  "en-AU": {
    "samples": 371,
    "accuracy": 0.8921832884097035,
    "f1_macro": 0.8915204678362574
  },
  "en-IN": {
    "samples": 455,
    "accuracy": 0.8461538461538461,
    "f1_macro": 0.8461471577076167
  },
  "en-UK": {
    "samples": 386,
    "accuracy": 0.9455958549222798,
    "f1_macro": 0.9452870304748405
  }
}