{
  "eval_accuracy": 0.891914191419142,
  "eval_f1_macro": 0.8919135291895148,
  "eval_loss": 0.29318317770957947,
  "samples": 1212
}