{
  "eval_accuracy": 0.8733552631578947,
  "eval_f1_macro": 0.7088828778409975,
  "eval_loss": 0.2883594036102295,
  "samples": 1216
}