{
  "en-AU": {
    "samples": 371,
    "accuracy": 0.7735849056603774,
    "f1_macro": 0.70078347031262
  },
  "en-IN": {
    "samples": 455,
    "accuracy": 0.9142857142857143,
    "f1_macro": 0.5793927327028372
  },
  "en-UK": {
    "samples": 390,
    "accuracy": 0.9205128205128205,
    "f1_macro": 0.7398601398601399
  }
}