{
  "en-AU": {
    "samples": 371,
    "accuracy": 0.9002695417789758,
    "f1_macro": 0.8994248452210866
  },
  "en-IN": {
    "samples": 455,
    "accuracy": 0.8395604395604396,
    "f1_macro": 0.8395573395935678
  },
  "en-UK": {
    "samples": 386,
    "accuracy": 0.9300518134715026,
    "f1_macro": 0.9297078918437683
  }
}