{
  "eval_accuracy": 0.886963696369637,
  "eval_f1_macro": 0.8869617725688075,
  "eval_loss": 0.30712515115737915,
  "samples": 1212
}